loc_date,date,slug,team,pcs/m,quantity
"('anarchy-beach', '2018-04-02')",2018-04-02,anarchy-beach,HD,13.600000000000001,954.0
"('anarchy-beach', '2021-03-24')",2021-03-24,anarchy-beach,HD,5.98,165.0
"('arabie', '2016-01-24')",2016-01-24,arabie,HD,50.06,2003.0
"('arabie', '2016-04-02')",2016-04-02,arabie,HD,15.74,630.0
"('arabie', '2016-08-25')",2016-08-25,arabie,HD,12.99,521.0
"('arabie', '2017-02-16')",2017-02-16,arabie,HD,3.81,115.0
"('arabie', '2018-05-08')",2018-05-08,arabie,HD,4.94,148.0
"('arve_carouge_battistellak', '2017-04-17')",2017-04-17,arve_carouge_battistellak,HD,2.93,161.0
"('arve_carouge_battistellak', '2017-05-25')",2017-05-25,arve_carouge_battistellak,HD,1.6900000000000002,94.0
"('arve_carouge_battistellak', '2017-06-27')",2017-06-27,arve_carouge_battistellak,HD,4.22,234.0
"('arve_carouge_battistellak', '2017-07-31')",2017-07-31,arve_carouge_battistellak,HD,2.2600000000000002,126.0
"('arve_carouge_battistellak', '2017-08-28')",2017-08-28,arve_carouge_battistellak,HD,1.6800000000000002,94.0
"('arve_carouge_battistellak', '2017-09-30')",2017-09-30,arve_carouge_battistellak,HD,3.05,168.0
"('arve_carouge_battistellak', '2017-10-31')",2017-10-31,arve_carouge_battistellak,HD,0.74,40.0
"('arve_carouge_battistellak', '2018-03-18')",2018-03-18,arve_carouge_battistellak,HD,6.8100000000000005,379.0
"('baby-plage-geneva', '2020-05-05')",2020-05-05,baby-plage-geneva,ASL,2.14,224.0
"('baby-plage-geneva', '2020-06-09')",2020-06-09,baby-plage-geneva,ASL,2.56,256.0
"('baby-plage-geneva', '2020-07-07')",2020-07-07,baby-plage-geneva,ASL,17.88,1788.0
"('baby-plage-geneva', '2020-08-18')",2020-08-18,baby-plage-geneva,ASL,2.69,269.0
"('baby-plage-geneva', '2020-10-20')",2020-10-20,baby-plage-geneva,ASL,2.4,182.0
"('baby-plage-geneva', '2020-11-18')",2020-11-18,baby-plage-geneva,ASL,0.88,88.0
"('baby-plage-geneva', '2020-12-16')",2020-12-16,baby-plage-geneva,ASL,1.5,150.0
"('baby-plage-geneva', '2021-01-16')",2021-01-16,baby-plage-geneva,ASL,1.89,97.0
"('baby-plage-geneva', '2021-02-10')",2021-02-10,baby-plage-geneva,ASL,1.13,113.0
"('baby-plage-geneva', '2021-03-10')",2021-03-10,baby-plage-geneva,ASL,0.5,50.0
"('baby-plage-geneva', '2021-04-14')",2021-04-14,baby-plage-geneva,ASL,0.58,58.0
"('baby-plage-ii-geneve', '2020-11-01')",2020-11-01,baby-plage-ii-geneve,EINT,1.29,68.0
"('baby-plage-ii-geneve', '2020-12-08')",2020-12-08,baby-plage-ii-geneve,EINT,0.22000000000000003,20.0
"('bain-des-dames', '2016-03-26')",2016-03-26,bain-des-dames,HD,34.97,594.0
"('bain-des-dames', '2017-05-19')",2017-05-19,bain-des-dames,HD,17.54,526.0
"('bain-des-dames', '2018-07-22')",2018-07-22,bain-des-dames,HD,18.97,417.0
"('bain-des-dames', '2020-06-11')",2020-06-11,bain-des-dames,HD,9.69,282.0
"('baye-de-clarens', '2015-11-24')",2015-11-24,baye-de-clarens,HD,1.65,117.0
"('baye-de-clarens', '2015-12-02')",2015-12-02,baye-de-clarens,HD,0.64,47.0
"('baye-de-clarens', '2015-12-08')",2015-12-08,baye-de-clarens,HD,3.33,234.0
"('baye-de-clarens', '2015-12-16')",2015-12-16,baye-de-clarens,HD,2.74,192.0
"('baye-de-clarens', '2016-01-06')",2016-01-06,baye-de-clarens,HD,1.85,133.0
"('baye-de-clarens', '2016-01-23')",2016-01-23,baye-de-clarens,HD,8.38,580.0
"('baye-de-clarens', '2016-02-10')",2016-02-10,baye-de-clarens,HD,2.0300000000000002,146.0
"('baye-de-clarens', '2016-03-24')",2016-03-24,baye-de-clarens,HD,3.18,222.0
"('baye-de-clarens', '2016-03-31')",2016-03-31,baye-de-clarens,HD,7.260000000000001,503.0
"('baye-de-clarens', '2016-04-07')",2016-04-07,baye-de-clarens,HD,4.74,329.0
"('baye-de-clarens', '2016-04-14')",2016-04-14,baye-de-clarens,HD,0.8500000000000001,60.0
"('baye-de-clarens', '2016-05-10')",2016-05-10,baye-de-clarens,HD,4.21,291.0
"('baye-de-clarens', '2016-05-17')",2016-05-17,baye-de-clarens,HD,1.6,114.0
"('baye-de-montreux-d', '2015-12-04')",2015-12-04,baye-de-montreux-d,HD,6.9799999999999995,422.0
"('baye-de-montreux-d', '2015-12-10')",2015-12-10,baye-de-montreux-d,HD,9.65,589.0
"('baye-de-montreux-d', '2015-12-17')",2015-12-17,baye-de-montreux-d,HD,2.56,155.0
"('baye-de-montreux-d', '2016-01-07')",2016-01-07,baye-de-montreux-d,HD,2.3899999999999997,144.0
"('baye-de-montreux-d', '2016-01-19')",2016-01-19,baye-de-montreux-d,HD,1.59,95.0
"('baye-de-montreux-d', '2016-03-24')",2016-03-24,baye-de-montreux-d,HD,2.8699999999999997,175.0
"('baye-de-montreux-d', '2016-04-07')",2016-04-07,baye-de-montreux-d,HD,3.73,225.0
"('baye-de-montreux-d', '2016-04-14')",2016-04-14,baye-de-montreux-d,HD,2.13,127.0
"('baye-de-montreux-d', '2016-05-17')",2016-05-17,baye-de-montreux-d,HD,4.93,298.0
"('baye-de-montreux-d', '2016-05-28')",2016-05-28,baye-de-montreux-d,HD,4.88,297.0
"('baye-de-montreux-d', '2016-06-28')",2016-06-28,baye-de-montreux-d,HD,10.67,650.0
"('baye-de-montreux-d', '2016-07-05')",2016-07-05,baye-de-montreux-d,HD,4.35,264.0
"('baye-de-montreux-d', '2016-07-10')",2016-07-10,baye-de-montreux-d,HD,5.36,326.0
"('baye-de-montreux-d', '2016-07-16')",2016-07-16,baye-de-montreux-d,HD,14.53,884.0
"('baye-de-montreux-d', '2016-07-19')",2016-07-19,baye-de-montreux-d,HD,6.98,426.0
"('baye-de-montreux-d', '2016-12-16')",2016-12-16,baye-de-montreux-d,HD,2.5700000000000003,75.0
"('baye-de-montreux-g', '2015-11-23')",2015-11-23,baye-de-montreux-g,HD,5.75,349.0
"('baye-de-montreux-g', '2015-12-04')",2015-12-04,baye-de-montreux-g,HD,8.4,511.0
"('baye-de-montreux-g', '2015-12-10')",2015-12-10,baye-de-montreux-g,HD,5.07,308.0
"('baye-de-montreux-g', '2015-12-17')",2015-12-17,baye-de-montreux-g,HD,4.22,257.0
"('baye-de-montreux-g', '2015-12-30')",2015-12-30,baye-de-montreux-g,HD,5.890000000000001,358.0
"('baye-de-montreux-g', '2016-01-13')",2016-01-13,baye-de-montreux-g,HD,6.37,388.0
"('baye-de-montreux-g', '2016-01-19')",2016-01-19,baye-de-montreux-g,HD,1.26,75.0
"('baye-de-montreux-g', '2016-02-11')",2016-02-11,baye-de-montreux-g,HD,1.9,114.0
"('baye-de-montreux-g', '2016-03-10')",2016-03-10,baye-de-montreux-g,HD,3.11,188.0
"('baye-de-montreux-g', '2016-06-22')",2016-06-22,baye-de-montreux-g,HD,3.59,220.0
"('baye-de-montreux-g', '2016-07-15')",2016-07-15,baye-de-montreux-g,HD,5.43,330.0
"('baye-de-montreux-g', '2016-12-16')",2016-12-16,baye-de-montreux-g,HD,12.37,384.0
"('baye-de-montreux-g', '2020-05-07')",2020-05-07,baye-de-montreux-g,HD,3.26,105.0
"('baye-de-montreux-g', '2020-06-02')",2020-06-02,baye-de-montreux-g,HD,4.220000000000001,75.0
"('baye-de-montreux-g', '2020-07-14')",2020-07-14,baye-de-montreux-g,HD,5.8100000000000005,110.0
"('baye-de-montreux-g', '2020-08-11')",2020-08-11,baye-de-montreux-g,HD,8.65,173.0
"('baye-de-montreux-g', '2020-09-08')",2020-09-08,baye-de-montreux-g,HD,2.2399999999999998,71.0
"('baye-de-montreux-g', '2020-10-15')",2020-10-15,baye-de-montreux-g,HD,2.64,55.0
"('boiron', '2016-04-28')",2016-04-28,boiron,HD,3.3,402.0
"('boiron', '2020-11-04')",2020-11-04,boiron,HD,1.76,88.0
"('cully-plage', '2020-06-25')",2020-06-25,cully-plage,HD,3.89,47.0
"('cully-plage', '2021-02-04')",2021-02-04,cully-plage,HD,6.14,74.0
"('grand-clos', '2016-09-21')",2016-09-21,grand-clos,HD,41.47,1159.0
"('grand-clos', '2017-10-22')",2017-10-22,grand-clos,HD,6.55,183.0
"('grand-clos', '2020-05-07')",2020-05-07,grand-clos,HD,15.92,510.0
"('grand-clos', '2020-06-09')",2020-06-09,grand-clos,HD,15.879999999999999,538.0
"('grand-clos', '2020-07-07')",2020-07-07,grand-clos,HD,52.730000000000004,1475.0
"('grand-clos', '2020-08-06')",2020-08-06,grand-clos,HD,42.31,1099.0
"('grand-clos', '2020-09-08')",2020-09-08,grand-clos,HD,13.63,616.0
"('grand-clos', '2020-10-06')",2020-10-06,grand-clos,HD,20.78,581.0
"('grand-clos', '2020-12-08')",2020-12-08,grand-clos,HD,23.03,716.0
"('grand-clos', '2021-01-07')",2021-01-07,grand-clos,HD,6.25,433.0
"('grand-clos', '2021-02-09')",2021-02-09,grand-clos,HD,2.58,156.0
"('grand-clos', '2021-03-09')",2021-03-09,grand-clos,HD,49.52,890.0
"('grand-clos', '2021-04-10')",2021-04-10,grand-clos,HD,17.71,551.0
"('jardin-botanique', '2016-04-24')",2016-04-24,jardin-botanique,HD,15.42,985.0
"('jardin-botanique', '2016-05-03')",2016-05-03,jardin-botanique,HD,5.76,367.0
"('jardin-botanique', '2016-05-08')",2016-05-08,jardin-botanique,HD,4.85,307.0
"('la-morges', '2017-04-09')",2017-04-09,la-morges,HD,5.63,170.0
"('la-pecherie', '2020-06-23')",2020-06-23,la-pecherie,HD,5.6,215.0
"('la-pecherie', '2020-10-06')",2020-10-06,la-pecherie,HD,7.16,256.0
"('la-pecherie', '2021-01-22')",2021-01-22,la-pecherie,HD,8.92,160.0
"('lacleman_gland_kubela', '2017-05-25')",2017-05-25,lacleman_gland_kubela,SLR,13.85,97.0
"('lacleman_gland_kubela', '2017-06-28')",2017-06-28,lacleman_gland_kubela,SLR,6.83,48.0
"('lacleman_gland_kubela', '2017-07-25')",2017-07-25,lacleman_gland_kubela,SLR,6.29,44.0
"('lacleman_gland_kubela', '2017-08-29')",2017-08-29,lacleman_gland_kubela,SLR,4.0,28.0
"('lacleman_gland_kubela', '2017-09-28')",2017-09-28,lacleman_gland_kubela,SLR,5.84,41.0
"('lacleman_gland_kubela', '2017-10-26')",2017-10-26,lacleman_gland_kubela,SLR,0.9800000000000001,7.0
"('lacleman_gland_kubela', '2017-11-28')",2017-11-28,lacleman_gland_kubela,SLR,5.26,37.0
"('lacleman_gland_kubela', '2017-12-16')",2017-12-16,lacleman_gland_kubela,SLR,2.69,19.0
"('lacleman_gland_kubela', '2018-01-19')",2018-01-19,lacleman_gland_kubela,SLR,3.41,24.0
"('lacleman_gland_kubela', '2018-02-19')",2018-02-19,lacleman_gland_kubela,SLR,0.71,5.0
"('lacleman_gland_kubela', '2018-03-18')",2018-03-18,lacleman_gland_kubela,SLR,31.98,224.0
"('lacleman_gland_lecoanets', '2017-07-11')",2017-07-11,lacleman_gland_lecoanets,SLR,0.55,49.0
"('lacleman_gland_lecoanets', '2017-08-07')",2017-08-07,lacleman_gland_lecoanets,SLR,1.27,109.0
"('lacleman_gland_lecoanets', '2017-09-12')",2017-09-12,lacleman_gland_lecoanets,SLR,0.74,66.0
"('lacleman_gland_lecoanets', '2017-10-10')",2017-10-10,lacleman_gland_lecoanets,SLR,0.81,69.0
"('lacleman_gland_lecoanets', '2017-11-17')",2017-11-17,lacleman_gland_lecoanets,SLR,1.0,87.0
"('lacleman_gland_lecoanets', '2017-12-16')",2017-12-16,lacleman_gland_lecoanets,SLR,0.29,27.0
"('lacleman_gland_lecoanets', '2018-01-19')",2018-01-19,lacleman_gland_lecoanets,SLR,0.22999999999999998,21.0
"('lacleman_gland_lecoanets', '2018-02-19')",2018-02-19,lacleman_gland_lecoanets,SLR,0.1,10.0
"('lacleman_gland_lecoanets', '2018-03-18')",2018-03-18,lacleman_gland_lecoanets,SLR,3.9499999999999997,338.0
"('lacleman_gland_lecoanets', '2020-06-15')",2020-06-15,lacleman_gland_lecoanets,HD,1.43,72.0
"('lacleman_gland_lecoanets', '2020-10-27')",2020-10-27,lacleman_gland_lecoanets,HD,1.4300000000000002,62.0
"('lacleman_vidy_santie', '2017-04-30')",2017-04-30,lacleman_vidy_santie,SLR,11.770000000000001,317.0
"('lacleman_vidy_santie', '2017-05-23')",2017-05-23,lacleman_vidy_santie,SLR,18.61,502.0
"('lacleman_vidy_santie', '2017-06-16')",2017-06-16,lacleman_vidy_santie,SLR,13.75,370.0
"('lacleman_vidy_santie', '2017-07-21')",2017-07-21,lacleman_vidy_santie,SLR,8.55,231.0
"('lacleman_vidy_santie', '2017-08-25')",2017-08-25,lacleman_vidy_santie,SLR,10.07,272.0
"('lacleman_vidy_santie', '2017-09-26')",2017-09-26,lacleman_vidy_santie,SLR,6.25,168.0
"('lacleman_vidy_santie', '2017-10-24')",2017-10-24,lacleman_vidy_santie,SLR,4.02,108.0
"('lacleman_vidy_santie', '2017-11-17')",2017-11-17,lacleman_vidy_santie,SLR,2.9,78.0
"('lacleman_vidy_santie', '2017-12-26')",2017-12-26,lacleman_vidy_santie,SLR,3.35,90.0
"('lacleman_vidy_santie', '2018-01-23')",2018-01-23,lacleman_vidy_santie,SLR,6.5,175.0
"('lacleman_vidy_santie', '2018-02-26')",2018-02-26,lacleman_vidy_santie,SLR,7.68,207.0
"('lacleman_vidy_santie', '2018-03-26')",2018-03-26,lacleman_vidy_santie,SLR,9.23,249.0
"('lavey-la-source', '2021-01-05')",2021-01-05,lavey-la-source,HD,4.55,91.0
"('lavey-les-bains', '2021-01-05')",2021-01-05,lavey-les-bains,HD,1.16,86.0
"('lavey-les-bains-2', '2021-02-24')",2021-02-24,lavey-les-bains-2,HD,4.17,417.0
"('le-pierrier', '2016-01-13')",2016-01-13,le-pierrier,HD,11.36,577.0
"('le-pierrier', '2016-03-14')",2016-03-14,le-pierrier,HD,26.82,1366.0
"('le-pierrier', '2016-05-30')",2016-05-30,le-pierrier,HD,14.83,754.0
"('le-pierrier', '2017-05-25')",2017-05-25,le-pierrier,HD,18.36,1044.0
"('le-pierrier', '2020-11-17')",2020-11-17,le-pierrier,HD,2.6799999999999997,150.0
"('le-port', '2016-04-19')",2016-04-19,le-port,HD,33.55,570.0
"('les-glariers', '2020-12-01')",2020-12-01,les-glariers,HD,0.09,3.0
"('les-vieux-ronquoz', '2020-10-15')",2020-10-15,les-vieux-ronquoz,HD,0.18,9.0
"('leuk-mattenstrasse', '2021-02-14')",2021-02-14,leuk-mattenstrasse,HD,0.3,15.0
"('maladaire', '2016-03-31')",2016-03-31,maladaire,HD,12.25,733.0
"('maladaire', '2016-05-31')",2016-05-31,maladaire,HD,11.72,704.0
"('maladaire', '2020-05-28')",2020-05-28,maladaire,PC,4.43,236.0
"('maladaire', '2020-06-28')",2020-06-28,maladaire,PC,15.45,865.0
"('maladaire', '2020-07-29')",2020-07-29,maladaire,PC,2.23,111.0
"('maladaire', '2020-08-31')",2020-08-31,maladaire,PC,3.37,184.0
"('maladaire', '2020-09-30')",2020-09-30,maladaire,PC,2.86,152.0
"('maladaire', '2020-10-29')",2020-10-29,maladaire,PC,0.92,46.0
"('maladaire', '2020-11-27')",2020-11-27,maladaire,PC,1.58,81.0
"('maladaire', '2020-12-29')",2020-12-29,maladaire,PC,2.3200000000000003,127.0
"('maladaire', '2021-01-29')",2021-01-29,maladaire,PC,2.34,117.0
"('maladaire', '2021-03-02')",2021-03-02,maladaire,PC,1.99,149.0
"('maladaire', '2021-03-30')",2021-03-30,maladaire,PC,1.08,93.0
"('maladaire', '2021-05-01')",2021-05-01,maladaire,PC,1.75,136.0
"('maladaire', '2021-06-02')",2021-06-02,maladaire,PC,11.1,0.0
"('ognonnaz-1', '2017-05-03')",2017-05-03,ognonnaz-1,HD,2.85,135.0
"('oyonne', '2016-04-10')",2016-04-10,oyonne,HD,22.38,717.0
"('oyonne', '2017-01-31')",2017-01-31,oyonne,HD,24.61,592.0
"('oyonne', '2021-01-06')",2021-01-06,oyonne,HD,9.05,197.0
"('parc-des-pierrettes', '2016-10-13')",2016-10-13,parc-des-pierrettes,SWE,14.39,693.0
"('parc-des-pierrettes', '2017-10-05')",2017-10-05,parc-des-pierrettes,SWE,6.15,258.0
"('parc-des-pierrettes', '2019-10-10')",2019-10-10,parc-des-pierrettes,SWE,5.31,160.0
"('parc-des-pierrettes', '2020-10-01')",2020-10-01,parc-des-pierrettes,SWE,10.08,464.0
"('pierrier-sud', '2016-05-10')",2016-05-10,pierrier-sud,HD,39.56,633.0
"('plage-de-dorigny', '2017-03-20')",2017-03-20,plage-de-dorigny,HD,9.57,385.0
"('plage-de-st-sulpice', '2016-10-13')",2016-10-13,plage-de-st-sulpice,SWE,28.130000000000003,2028.0
"('plage-de-st-sulpice', '2017-10-05')",2017-10-05,plage-de-st-sulpice,SWE,8.92,748.0
"('plage-de-st-sulpice', '2020-10-01')",2020-10-01,plage-de-st-sulpice,SWE,7.8500000000000005,326.0
"('plage-de-st-sulpice', '2021-10-07')",2021-10-07,plage-de-st-sulpice,SWE,7.4,0.0
"('pont-sous-terre', '2021-02-06')",2021-02-06,pont-sous-terre,HD,16.0,320.0
"('preverenges', '2018-05-04')",2018-05-04,preverenges,PC,1.1600000000000001,58.0
"('preverenges', '2018-07-11')",2018-07-11,preverenges,PC,4.78,145.0
"('preverenges', '2020-06-07')",2020-06-07,preverenges,PC,24.25,970.0
"('preverenges', '2020-07-09')",2020-07-09,preverenges,PC,23.74,664.0
"('preverenges', '2020-08-13')",2020-08-13,preverenges,PC,3.46,206.0
"('preverenges', '2020-09-08')",2020-09-08,preverenges,PC,3.6199999999999997,133.0
"('preverenges', '2020-10-08')",2020-10-08,preverenges,PC,6.949999999999999,299.0
"('preverenges', '2020-11-12')",2020-11-12,preverenges,PC,2.2199999999999998,111.0
"('preverenges', '2020-12-10')",2020-12-10,preverenges,PC,3.2800000000000002,164.0
"('preverenges', '2021-01-07')",2021-01-07,preverenges,PC,2.15,151.0
"('preverenges', '2021-02-07')",2021-02-07,preverenges,PC,4.42,267.0
"('preverenges', '2021-03-08')",2021-03-08,preverenges,PC,2.61,132.0
"('preverenges', '2021-04-08')",2021-04-08,preverenges,PC,1.8900000000000001,142.0
"('preverenges', '2021-05-12')",2021-05-12,preverenges,PC,4.74,237.0
"('preverenges-le-sout', '2021-02-04')",2021-02-04,preverenges-le-sout,HD,2.6799999999999997,268.0
"('quai-maria-belgia', '2016-11-21')",2016-11-21,quai-maria-belgia,HD,22.34,826.0
"('quai-maria-belgia', '2016-12-20')",2016-12-20,quai-maria-belgia,HD,8.8,325.0
"('quai-maria-belgia', '2017-01-20')",2017-01-20,quai-maria-belgia,HD,1.0,37.0
"('quai-maria-belgia', '2017-04-03')",2017-04-03,quai-maria-belgia,HD,6.85,253.0
"('quai-maria-belgia', '2017-06-08')",2017-06-08,quai-maria-belgia,HD,39.55,1463.0
"('quai-maria-belgia', '2017-07-26')",2017-07-26,quai-maria-belgia,HD,27.33,1010.0
"('quai-maria-belgia', '2017-09-30')",2017-09-30,quai-maria-belgia,HD,11.21,415.0
"('quai-maria-belgia', '2017-11-11')",2017-11-11,quai-maria-belgia,HD,12.240000000000002,453.0
"('quai-maria-belgia', '2018-02-11')",2018-02-11,quai-maria-belgia,HD,2.69,99.0
"('quai-maria-belgia', '2018-03-25')",2018-03-25,quai-maria-belgia,HD,4.53,167.0
"('quai-maria-belgia', '2020-04-28')",2020-04-28,quai-maria-belgia,HD,6.94,305.0
"('quai-maria-belgia', '2020-05-31')",2020-05-31,quai-maria-belgia,HD,2.47,103.0
"('quai-maria-belgia', '2020-06-28')",2020-06-28,quai-maria-belgia,HD,6.5600000000000005,270.0
"('quai-maria-belgia', '2020-07-21')",2020-07-21,quai-maria-belgia,HD,12.370000000000001,494.0
"('quai-maria-belgia', '2020-08-30')",2020-08-30,quai-maria-belgia,HD,6.26,258.0
"('quai-maria-belgia', '2020-09-27')",2020-09-27,quai-maria-belgia,HD,12.94,516.0
"('quai-maria-belgia', '2020-10-25')",2020-10-25,quai-maria-belgia,HD,5.54,262.0
"('quai-maria-belgia', '2020-11-30')",2020-11-30,quai-maria-belgia,HD,4.55,162.0
"('quai-maria-belgia', '2020-12-23')",2020-12-23,quai-maria-belgia,HD,3.5700000000000003,135.0
"('quai-maria-belgia', '2021-01-31')",2021-01-31,quai-maria-belgia,HD,6.89,298.0
"('quai-maria-belgia', '2021-02-28')",2021-02-28,quai-maria-belgia,HD,3.19,146.0
"('quai-maria-belgia', '2021-03-29')",2021-03-29,quai-maria-belgia,HD,5.390000000000001,214.0
"('rocky-plage', '2020-11-01')",2020-11-01,rocky-plage,EINT,0.68,99.0
"('rolle-plage', '2019-10-24')",2019-10-24,rolle-plage,SWE,9.75,146.0
"('saint-sulpice', '2018-11-06')",2018-11-06,saint-sulpice,SWE,8.19,147.0
"('tiger-duck-beach', '2018-10-16')",2018-10-16,tiger-duck-beach,SWE,77.1,1387.0
"('tiger-duck-beach', '2020-07-14')",2020-07-14,tiger-duck-beach,SWE,10.64,296.0
"('tiger-duck-beach', '2020-10-01')",2020-10-01,tiger-duck-beach,SWE,15.01,450.0
"('tiger-duck-beach', '2020-11-24')",2020-11-24,tiger-duck-beach,SWE,48.550000000000004,971.0
"('tiger-duck-beach', '2021-10-07')",2021-10-07,tiger-duck-beach,SWE,16.36,0.0
"('tolochenaz', '2020-05-19')",2020-05-19,tolochenaz,HD,5.35,186.0
"('tschilljus', '2020-11-12')",2020-11-12,tschilljus,HD,1.02,51.0
"('versoix', '2016-11-17')",2016-11-17,versoix,EINT,9.16,1490.0
"('versoix', '2020-05-14')",2020-05-14,versoix,HD,4.46,226.0
"('versoix', '2020-08-04')",2020-08-04,versoix,HD,2.91,257.0
"('versoix', '2020-10-13')",2020-10-13,versoix,HD,1.96,100.0
"('veveyse', '2015-11-27')",2015-11-27,veveyse,HD,4.12,216.0
"('veveyse', '2015-12-01')",2015-12-01,veveyse,HD,0.9900000000000001,52.0
"('veveyse', '2015-12-07')",2015-12-07,veveyse,HD,3.66,193.0
"('veveyse', '2015-12-14')",2015-12-14,veveyse,HD,2.47,129.0
"('veveyse', '2016-01-08')",2016-01-08,veveyse,HD,2.8000000000000003,147.0
"('veveyse', '2016-01-15')",2016-01-15,veveyse,HD,2.78,145.0
"('veveyse', '2016-01-21')",2016-01-21,veveyse,HD,2.75,144.0
"('veveyse', '2016-02-09')",2016-02-09,veveyse,HD,2.4,126.0
"('veveyse', '2016-03-11')",2016-03-11,veveyse,HD,4.67,245.0
"('veveyse', '2016-04-02')",2016-04-02,veveyse,HD,4.6,243.0
"('veveyse', '2016-04-12')",2016-04-12,veveyse,HD,3.28,172.0
"('veveyse', '2016-04-19')",2016-04-19,veveyse,HD,4.71,248.0
"('veveyse', '2016-06-17')",2016-06-17,veveyse,HD,5.41,285.0
"('veveyse', '2016-11-14')",2016-11-14,veveyse,HD,3.4299999999999997,211.0
"('veveyse', '2016-11-28')",2016-11-28,veveyse,HD,6.43,303.0
"('veveyse', '2016-12-05')",2016-12-05,veveyse,HD,6.04,285.0
"('veveyse', '2017-01-05')",2017-01-05,veveyse,HD,6.82,292.0
"('vidy', '2016-06-07')",2016-06-07,vidy,HD,6.859999999999999,55.0
"('vidy-ruines', '2020-06-02')",2020-06-02,vidy-ruines,PC,10.56,201.0
"('vidy-ruines', '2020-06-30')",2020-06-30,vidy-ruines,PC,66.17,397.0
"('vidy-ruines', '2020-08-01')",2020-08-01,vidy-ruines,PC,18.6,93.0
"('vidy-ruines', '2020-09-02')",2020-09-02,vidy-ruines,PC,6.6,33.0
"('vidy-ruines', '2020-12-01')",2020-12-01,vidy-ruines,PC,17.52,105.0
"('vidy-ruines', '2021-03-04')",2021-03-04,vidy-ruines,PC,11.58,93.0
"('vidy-ruines', '2021-04-15')",2021-04-15,vidy-ruines,PC,5.23,78.0
"('villa-barton', '2016-04-02')",2016-04-02,villa-barton,HD,17.119999999999997,240.0
"('villa-barton', '2016-04-10')",2016-04-10,villa-barton,HD,5.63,79.0
"('villa-barton', '2016-04-16')",2016-04-16,villa-barton,HD,3.97,56.0
"('villa-barton', '2016-04-22')",2016-04-22,villa-barton,HD,7.7,108.0
"('villa-barton', '2016-05-02')",2016-05-02,villa-barton,HD,3.6900000000000004,52.0
"('villa-barton', '2016-05-08')",2016-05-08,villa-barton,HD,4.68,66.0
"('villa-barton', '2016-06-05')",2016-06-05,villa-barton,HD,9.28,130.0
"('villa-barton', '2016-07-21')",2016-07-21,villa-barton,HD,12.57,176.0
"('villa-barton', '2016-07-22')",2016-07-22,villa-barton,HD,23.11,324.0
"('villa-barton', '2020-10-20')",2020-10-20,villa-barton,HD,6.81,115.0
"('villa-barton', '2021-01-22')",2021-01-22,villa-barton,HD,9.66,483.0
"('villa-barton', '2021-11-14')",2021-11-14,villa-barton,HD,9.07,0.0
