loc_date,pcs_m
"('anarchy-beach', '2018-04-02')",13.600000000000001
"('anarchy-beach', '2021-03-24')",5.98
"('arabie', '2016-01-24')",50.06
"('arabie', '2016-04-02')",15.74
"('arabie', '2016-08-25')",12.99
"('arabie', '2017-02-16')",3.81
"('arabie', '2018-05-08')",4.9399999999999995
"('baby-plage-geneva', '2020-05-05')",2.14
"('baby-plage-geneva', '2020-06-09')",2.56
"('baby-plage-geneva', '2020-07-07')",17.88
"('baby-plage-geneva', '2020-08-18')",2.69
"('baby-plage-geneva', '2020-10-20')",2.4
"('baby-plage-geneva', '2020-11-18')",0.88
"('baby-plage-geneva', '2020-12-16')",1.5
"('baby-plage-geneva', '2021-01-16')",1.8900000000000001
"('baby-plage-geneva', '2021-02-10')",1.13
"('baby-plage-geneva', '2021-03-10')",0.5
"('baby-plage-geneva', '2021-04-14')",0.58
"('baby-plage-ii-geneve', '2020-11-01')",1.29
"('baby-plage-ii-geneve', '2020-12-08')",0.22
"('bain-des-dames', '2016-03-26')",34.97
"('bain-des-dames', '2017-05-19')",17.54
"('bain-des-dames', '2018-07-22')",18.97
"('bain-des-dames', '2020-06-11')",9.69
"('baye-de-clarens', '2015-11-24')",1.65
"('baye-de-clarens', '2015-12-02')",0.64
"('baye-de-clarens', '2015-12-08')",3.33
"('baye-de-clarens', '2015-12-16')",2.7399999999999998
"('baye-de-clarens', '2016-01-06')",1.85
"('baye-de-clarens', '2016-01-23')",8.38
"('baye-de-clarens', '2016-02-10')",2.0300000000000002
"('baye-de-clarens', '2016-03-24')",3.1799999999999997
"('baye-de-clarens', '2016-03-31')",7.26
"('baye-de-clarens', '2016-04-07')",4.74
"('baye-de-clarens', '2016-04-14')",0.8500000000000001
"('baye-de-clarens', '2016-05-10')",4.21
"('baye-de-clarens', '2016-05-17')",1.6
"('baye-de-montreux-d', '2015-12-04')",6.9799999999999995
"('baye-de-montreux-d', '2015-12-10')",9.65
"('baye-de-montreux-d', '2015-12-17')",2.56
"('baye-de-montreux-d', '2016-01-07')",2.39
"('baye-de-montreux-d', '2016-01-19')",1.59
"('baye-de-montreux-d', '2016-03-24')",2.87
"('baye-de-montreux-d', '2016-04-07')",3.73
"('baye-de-montreux-d', '2016-04-14')",2.1300000000000003
"('baye-de-montreux-d', '2016-05-17')",4.93
"('baye-de-montreux-d', '2016-05-28')",4.88
"('baye-de-montreux-d', '2016-06-28')",10.67
"('baye-de-montreux-d', '2016-07-05')",4.35
"('baye-de-montreux-d', '2016-07-10')",5.36
"('baye-de-montreux-d', '2016-07-16')",14.53
"('baye-de-montreux-d', '2016-07-19')",6.9799999999999995
"('baye-de-montreux-d', '2016-12-16')",2.5700000000000003
"('baye-de-montreux-g', '2015-11-23')",5.75
"('baye-de-montreux-g', '2015-12-04')",8.4
"('baye-de-montreux-g', '2015-12-10')",5.07
"('baye-de-montreux-g', '2015-12-17')",4.22
"('baye-de-montreux-g', '2015-12-30')",5.890000000000001
"('baye-de-montreux-g', '2016-01-13')",6.37
"('baye-de-montreux-g', '2016-01-19')",1.2600000000000002
"('baye-de-montreux-g', '2016-02-11')",1.9
"('baye-de-montreux-g', '2016-03-10')",3.1100000000000003
"('baye-de-montreux-g', '2016-06-22')",3.59
"('baye-de-montreux-g', '2016-07-15')",5.43
"('baye-de-montreux-g', '2016-12-16')",12.37
"('baye-de-montreux-g', '2020-05-07')",3.26
"('baye-de-montreux-g', '2020-06-02')",4.22
"('baye-de-montreux-g', '2020-07-14')",5.8100000000000005
"('baye-de-montreux-g', '2020-08-11')",8.65
"('baye-de-montreux-g', '2020-09-08')",2.2399999999999998
"('baye-de-montreux-g', '2020-10-15')",2.64
"('boiron', '2016-04-28')",3.3000000000000003
"('boiron', '2020-11-04')",1.76
"('cully-plage', '2020-06-25')",3.89
"('cully-plage', '2021-02-04')",6.14
"('grand-clos', '2016-09-21')",41.47
"('grand-clos', '2017-10-22')",6.55
"('grand-clos', '2020-05-07')",15.92
"('grand-clos', '2020-06-09')",15.879999999999999
"('grand-clos', '2020-07-07')",52.73
"('grand-clos', '2020-08-06')",42.31
"('grand-clos', '2020-09-08')",13.63
"('grand-clos', '2020-10-06')",20.78
"('grand-clos', '2020-12-08')",23.03
"('grand-clos', '2021-01-07')",6.25
"('grand-clos', '2021-02-09')",2.58
"('grand-clos', '2021-03-09')",49.52
"('grand-clos', '2021-04-10')",17.71
"('jardin-botanique', '2016-04-24')",15.42
"('jardin-botanique', '2016-05-03')",5.76
"('jardin-botanique', '2016-05-08')",4.85
"('la-morges', '2017-04-09')",5.63
"('la-pecherie', '2020-06-23')",5.6000000000000005
"('la-pecherie', '2020-10-06')",7.16
"('la-pecherie', '2021-01-22')",8.92
"('lacleman_gland_kubela', '2017-05-25')",13.85
"('lacleman_gland_kubela', '2017-06-28')",6.83
"('lacleman_gland_kubela', '2017-07-25')",6.29
"('lacleman_gland_kubela', '2017-08-29')",4.0
"('lacleman_gland_kubela', '2017-09-28')",5.84
"('lacleman_gland_kubela', '2017-10-26')",0.9800000000000001
"('lacleman_gland_kubela', '2017-11-28')",5.26
"('lacleman_gland_kubela', '2017-12-16')",2.69
"('lacleman_gland_kubela', '2018-01-19')",3.41
"('lacleman_gland_kubela', '2018-02-19')",0.71
"('lacleman_gland_kubela', '2018-03-18')",31.98
"('lacleman_gland_lecoanets', '2017-07-11')",0.55
"('lacleman_gland_lecoanets', '2017-08-07')",1.27
"('lacleman_gland_lecoanets', '2017-09-12')",0.74
"('lacleman_gland_lecoanets', '2017-10-10')",0.81
"('lacleman_gland_lecoanets', '2017-11-17')",1.0
"('lacleman_gland_lecoanets', '2017-12-16')",0.29
"('lacleman_gland_lecoanets', '2018-01-19')",0.23
"('lacleman_gland_lecoanets', '2018-02-19')",0.1
"('lacleman_gland_lecoanets', '2018-03-18')",3.95
"('lacleman_gland_lecoanets', '2020-06-15')",1.43
"('lacleman_gland_lecoanets', '2020-10-27')",1.4300000000000002
"('lacleman_vidy_santie', '2017-04-30')",11.77
"('lacleman_vidy_santie', '2017-05-23')",18.61
"('lacleman_vidy_santie', '2017-06-16')",13.75
"('lacleman_vidy_santie', '2017-07-21')",8.55
"('lacleman_vidy_santie', '2017-08-25')",10.07
"('lacleman_vidy_santie', '2017-09-26')",6.25
"('lacleman_vidy_santie', '2017-10-24')",4.02
"('lacleman_vidy_santie', '2017-11-17')",2.9
"('lacleman_vidy_santie', '2017-12-26')",3.35
"('lacleman_vidy_santie', '2018-01-23')",6.5
"('lacleman_vidy_santie', '2018-02-26')",7.680000000000001
"('lacleman_vidy_santie', '2018-03-26')",9.23
"('le-pierrier', '2016-01-13')",11.36
"('le-pierrier', '2016-03-14')",26.82
"('le-pierrier', '2016-05-30')",14.83
"('le-pierrier', '2017-05-25')",18.36
"('le-pierrier', '2020-11-17')",2.68
"('le-port', '2016-04-19')",33.55
"('maladaire', '2016-03-31')",12.25
"('maladaire', '2016-05-31')",11.719999999999999
"('maladaire', '2020-05-28')",4.43
"('maladaire', '2020-06-28')",15.45
"('maladaire', '2020-07-29')",2.23
"('maladaire', '2020-08-31')",3.37
"('maladaire', '2020-09-30')",2.86
"('maladaire', '2020-10-29')",0.92
"('maladaire', '2020-11-27')",1.58
"('maladaire', '2020-12-29')",2.3200000000000003
"('maladaire', '2021-01-29')",2.34
"('maladaire', '2021-03-02')",1.99
"('maladaire', '2021-03-30')",1.08
"('maladaire', '2021-05-01')",1.75
"('maladaire', '2021-06-02')",5.55
"('oyonne', '2016-04-10')",22.380000000000003
"('oyonne', '2017-01-31')",24.61
"('oyonne', '2021-01-06')",9.05
"('parc-des-pierrettes', '2016-10-13')",14.39
"('parc-des-pierrettes', '2017-10-05')",6.15
"('parc-des-pierrettes', '2019-10-10')",5.3100000000000005
"('parc-des-pierrettes', '2020-10-01')",10.08
"('pierrier-sud', '2016-05-10')",39.56
"('plage-de-dorigny', '2017-03-20')",9.57
"('plage-de-st-sulpice', '2016-10-13')",28.13
"('plage-de-st-sulpice', '2017-10-05')",8.92
"('plage-de-st-sulpice', '2020-10-01')",7.8500000000000005
"('plage-de-st-sulpice', '2021-10-07')",7.6499999999999995
"('preverenges', '2018-05-04')",1.16
"('preverenges', '2018-07-11')",4.779999999999999
"('preverenges', '2020-06-07')",24.25
"('preverenges', '2020-07-09')",23.740000000000002
"('preverenges', '2020-08-13')",3.46
"('preverenges', '2020-09-08')",3.6199999999999997
"('preverenges', '2020-10-08')",6.95
"('preverenges', '2020-11-12')",2.2199999999999998
"('preverenges', '2020-12-10')",3.2800000000000002
"('preverenges', '2021-01-07')",2.15
"('preverenges', '2021-02-07')",4.42
"('preverenges', '2021-03-08')",2.61
"('preverenges', '2021-04-08')",1.8900000000000001
"('preverenges', '2021-05-12')",4.74
"('preverenges-le-sout', '2021-02-04')",2.68
"('quai-maria-belgia', '2016-11-21')",22.34
"('quai-maria-belgia', '2016-12-20')",8.8
"('quai-maria-belgia', '2017-01-20')",1.0
"('quai-maria-belgia', '2017-04-03')",6.8500000000000005
"('quai-maria-belgia', '2017-06-08')",39.55
"('quai-maria-belgia', '2017-07-26')",27.33
"('quai-maria-belgia', '2017-09-30')",11.21
"('quai-maria-belgia', '2017-11-11')",12.24
"('quai-maria-belgia', '2018-02-11')",2.6900000000000004
"('quai-maria-belgia', '2018-03-25')",4.53
"('quai-maria-belgia', '2020-04-28')",6.94
"('quai-maria-belgia', '2020-05-31')",2.47
"('quai-maria-belgia', '2020-06-28')",6.56
"('quai-maria-belgia', '2020-07-21')",12.370000000000001
"('quai-maria-belgia', '2020-08-30')",6.26
"('quai-maria-belgia', '2020-09-27')",12.94
"('quai-maria-belgia', '2020-10-25')",5.54
"('quai-maria-belgia', '2020-11-30')",4.55
"('quai-maria-belgia', '2020-12-23')",3.5700000000000003
"('quai-maria-belgia', '2021-01-31')",6.89
"('quai-maria-belgia', '2021-02-28')",3.19
"('quai-maria-belgia', '2021-03-29')",5.39
"('rocky-plage', '2020-11-01')",0.68
"('rolle-plage', '2019-10-24')",9.75
"('saint-sulpice', '2018-11-06')",8.19
"('tiger-duck-beach', '2018-10-16')",77.1
"('tiger-duck-beach', '2020-07-14')",10.64
"('tiger-duck-beach', '2020-10-01')",15.01
"('tiger-duck-beach', '2020-11-24')",48.55
"('tiger-duck-beach', '2021-10-07')",16.36
"('tolochenaz', '2020-05-19')",5.35
"('versoix', '2016-11-17')",9.16
"('versoix', '2020-05-14')",4.46
"('versoix', '2020-08-04')",2.91
"('versoix', '2020-10-13')",1.96
"('veveyse', '2015-11-27')",4.12
"('veveyse', '2015-12-01')",0.9900000000000001
"('veveyse', '2015-12-07')",3.66
"('veveyse', '2015-12-14')",2.4699999999999998
"('veveyse', '2016-01-08')",2.8
"('veveyse', '2016-01-15')",2.78
"('veveyse', '2016-01-21')",2.75
"('veveyse', '2016-02-09')",2.4
"('veveyse', '2016-03-11')",4.67
"('veveyse', '2016-04-02')",4.6
"('veveyse', '2016-04-12')",3.28
"('veveyse', '2016-04-19')",4.71
"('veveyse', '2016-06-17')",5.41
"('veveyse', '2016-11-14')",3.4299999999999997
"('veveyse', '2016-11-28')",6.43
"('veveyse', '2016-12-05')",6.04
"('veveyse', '2017-01-05')",6.82
"('vidy', '2016-06-07')",6.859999999999999
"('vidy-ruines', '2020-06-02')",10.559999999999999
"('vidy-ruines', '2020-06-30')",66.17
"('vidy-ruines', '2020-08-01')",18.6
"('vidy-ruines', '2020-09-02')",6.6000000000000005
"('vidy-ruines', '2020-12-01')",17.52
"('vidy-ruines', '2021-03-04')",11.58
"('vidy-ruines', '2021-04-15')",5.23
"('villa-barton', '2016-04-02')",17.12
"('villa-barton', '2016-04-10')",5.63
"('villa-barton', '2016-04-16')",3.97
"('villa-barton', '2016-04-22')",7.7
"('villa-barton', '2016-05-02')",3.6900000000000004
"('villa-barton', '2016-05-08')",4.680000000000001
"('villa-barton', '2016-06-05')",9.28
"('villa-barton', '2016-07-21')",12.57
"('villa-barton', '2016-07-22')",23.11
"('villa-barton', '2020-10-20')",6.81
"('villa-barton', '2021-01-22')",9.66
"('villa-barton', '2021-11-14')",9.07
