loc_date,date,location,team,pcs_m,quantity
"('anarchy-beach', '2018-04-02')",2018-04-02,anarchy-beach,HD,13.600000000000001,954
"('anarchy-beach', '2021-03-24')",2021-03-24,anarchy-beach,HD,5.98,165
"('arabie', '2016-01-24')",2016-01-24,arabie,HD,50.06,2003
"('arabie', '2016-04-02')",2016-04-02,arabie,HD,15.74,630
"('arabie', '2016-08-25')",2016-08-25,arabie,HD,12.99,521
"('arabie', '2017-02-16')",2017-02-16,arabie,HD,3.81,115
"('arabie', '2018-05-08')",2018-05-08,arabie,HD,4.9399999999999995,148
"('baby-plage-geneva', '2020-05-05')",2020-05-05,baby-plage-geneva,ASL,2.14,224
"('baby-plage-geneva', '2020-06-09')",2020-06-09,baby-plage-geneva,ASL,2.56,256
"('baby-plage-geneva', '2020-07-07')",2020-07-07,baby-plage-geneva,ASL,17.88,1788
"('baby-plage-geneva', '2020-08-18')",2020-08-18,baby-plage-geneva,ASL,2.69,269
"('baby-plage-geneva', '2020-10-20')",2020-10-20,baby-plage-geneva,ASL,2.4,182
"('baby-plage-geneva', '2020-11-18')",2020-11-18,baby-plage-geneva,ASL,0.88,88
"('baby-plage-geneva', '2020-12-16')",2020-12-16,baby-plage-geneva,ASL,1.5,150
"('baby-plage-geneva', '2021-01-16')",2021-01-16,baby-plage-geneva,ASL,1.8900000000000001,97
"('baby-plage-geneva', '2021-02-10')",2021-02-10,baby-plage-geneva,ASL,1.13,113
"('baby-plage-geneva', '2021-03-10')",2021-03-10,baby-plage-geneva,ASL,0.5,50
"('baby-plage-geneva', '2021-04-14')",2021-04-14,baby-plage-geneva,ASL,0.58,58
"('baby-plage-ii-geneve', '2020-11-01')",2020-11-01,baby-plage-ii-geneve,EINT,1.29,68
"('baby-plage-ii-geneve', '2020-12-08')",2020-12-08,baby-plage-ii-geneve,EINT,0.22,20
"('bain-des-dames', '2016-03-26')",2016-03-26,bain-des-dames,HD,34.97,594
"('bain-des-dames', '2017-05-19')",2017-05-19,bain-des-dames,HD,17.54,526
"('bain-des-dames', '2018-07-22')",2018-07-22,bain-des-dames,HD,18.97,417
"('bain-des-dames', '2020-06-11')",2020-06-11,bain-des-dames,HD,9.69,282
"('baye-de-clarens', '2015-11-24')",2015-11-24,baye-de-clarens,HD,1.65,117
"('baye-de-clarens', '2015-12-02')",2015-12-02,baye-de-clarens,HD,0.64,47
"('baye-de-clarens', '2015-12-08')",2015-12-08,baye-de-clarens,HD,3.33,234
"('baye-de-clarens', '2015-12-16')",2015-12-16,baye-de-clarens,HD,2.7399999999999998,192
"('baye-de-clarens', '2016-01-06')",2016-01-06,baye-de-clarens,HD,1.85,133
"('baye-de-clarens', '2016-01-23')",2016-01-23,baye-de-clarens,HD,8.38,580
"('baye-de-clarens', '2016-02-10')",2016-02-10,baye-de-clarens,HD,2.0300000000000002,146
"('baye-de-clarens', '2016-03-24')",2016-03-24,baye-de-clarens,HD,3.1799999999999997,222
"('baye-de-clarens', '2016-03-31')",2016-03-31,baye-de-clarens,HD,7.26,503
"('baye-de-clarens', '2016-04-07')",2016-04-07,baye-de-clarens,HD,4.74,329
"('baye-de-clarens', '2016-04-14')",2016-04-14,baye-de-clarens,HD,0.8500000000000001,60
"('baye-de-clarens', '2016-05-10')",2016-05-10,baye-de-clarens,HD,4.21,291
"('baye-de-clarens', '2016-05-17')",2016-05-17,baye-de-clarens,HD,1.6,114
"('baye-de-montreux-d', '2015-12-04')",2015-12-04,baye-de-montreux-d,HD,6.9799999999999995,422
"('baye-de-montreux-d', '2015-12-10')",2015-12-10,baye-de-montreux-d,HD,9.65,589
"('baye-de-montreux-d', '2015-12-17')",2015-12-17,baye-de-montreux-d,HD,2.56,155
"('baye-de-montreux-d', '2016-01-07')",2016-01-07,baye-de-montreux-d,HD,2.39,144
"('baye-de-montreux-d', '2016-01-19')",2016-01-19,baye-de-montreux-d,HD,1.59,95
"('baye-de-montreux-d', '2016-03-24')",2016-03-24,baye-de-montreux-d,HD,2.87,175
"('baye-de-montreux-d', '2016-04-07')",2016-04-07,baye-de-montreux-d,HD,3.73,225
"('baye-de-montreux-d', '2016-04-14')",2016-04-14,baye-de-montreux-d,HD,2.1300000000000003,127
"('baye-de-montreux-d', '2016-05-17')",2016-05-17,baye-de-montreux-d,HD,4.93,298
"('baye-de-montreux-d', '2016-05-28')",2016-05-28,baye-de-montreux-d,HD,4.88,297
"('baye-de-montreux-d', '2016-06-28')",2016-06-28,baye-de-montreux-d,HD,10.67,650
"('baye-de-montreux-d', '2016-07-05')",2016-07-05,baye-de-montreux-d,HD,4.35,264
"('baye-de-montreux-d', '2016-07-10')",2016-07-10,baye-de-montreux-d,HD,5.36,326
"('baye-de-montreux-d', '2016-07-16')",2016-07-16,baye-de-montreux-d,HD,14.53,884
"('baye-de-montreux-d', '2016-07-19')",2016-07-19,baye-de-montreux-d,HD,6.9799999999999995,426
"('baye-de-montreux-d', '2016-12-16')",2016-12-16,baye-de-montreux-d,HD,2.5700000000000003,75
"('baye-de-montreux-g', '2015-11-23')",2015-11-23,baye-de-montreux-g,HD,5.75,349
"('baye-de-montreux-g', '2015-12-04')",2015-12-04,baye-de-montreux-g,HD,8.4,511
"('baye-de-montreux-g', '2015-12-10')",2015-12-10,baye-de-montreux-g,HD,5.07,308
"('baye-de-montreux-g', '2015-12-17')",2015-12-17,baye-de-montreux-g,HD,4.22,257
"('baye-de-montreux-g', '2015-12-30')",2015-12-30,baye-de-montreux-g,HD,5.890000000000001,358
"('baye-de-montreux-g', '2016-01-13')",2016-01-13,baye-de-montreux-g,HD,6.37,388
"('baye-de-montreux-g', '2016-01-19')",2016-01-19,baye-de-montreux-g,HD,1.2600000000000002,75
"('baye-de-montreux-g', '2016-02-11')",2016-02-11,baye-de-montreux-g,HD,1.9,114
"('baye-de-montreux-g', '2016-03-10')",2016-03-10,baye-de-montreux-g,HD,3.1100000000000003,188
"('baye-de-montreux-g', '2016-06-22')",2016-06-22,baye-de-montreux-g,HD,3.59,220
"('baye-de-montreux-g', '2016-07-15')",2016-07-15,baye-de-montreux-g,HD,5.43,330
"('baye-de-montreux-g', '2016-12-16')",2016-12-16,baye-de-montreux-g,HD,12.37,384
"('baye-de-montreux-g', '2020-05-07')",2020-05-07,baye-de-montreux-g,HD,3.26,105
"('baye-de-montreux-g', '2020-06-02')",2020-06-02,baye-de-montreux-g,HD,4.22,75
"('baye-de-montreux-g', '2020-07-14')",2020-07-14,baye-de-montreux-g,HD,5.8100000000000005,110
"('baye-de-montreux-g', '2020-08-11')",2020-08-11,baye-de-montreux-g,HD,8.65,173
"('baye-de-montreux-g', '2020-09-08')",2020-09-08,baye-de-montreux-g,HD,2.2399999999999998,71
"('baye-de-montreux-g', '2020-10-15')",2020-10-15,baye-de-montreux-g,HD,2.64,55
"('boiron', '2016-04-28')",2016-04-28,boiron,HD,3.3000000000000003,402
"('boiron', '2020-11-04')",2020-11-04,boiron,HD,1.76,88
"('cully-plage', '2020-06-25')",2020-06-25,cully-plage,HD,3.89,47
"('cully-plage', '2021-02-04')",2021-02-04,cully-plage,HD,6.14,74
"('grand-clos', '2016-09-21')",2016-09-21,grand-clos,HD,41.47,1159
"('grand-clos', '2017-10-22')",2017-10-22,grand-clos,HD,6.55,183
"('grand-clos', '2020-05-07')",2020-05-07,grand-clos,HD,15.92,510
"('grand-clos', '2020-06-09')",2020-06-09,grand-clos,HD,15.879999999999999,538
"('grand-clos', '2020-07-07')",2020-07-07,grand-clos,HD,52.73,1475
"('grand-clos', '2020-08-06')",2020-08-06,grand-clos,HD,42.31,1099
"('grand-clos', '2020-09-08')",2020-09-08,grand-clos,HD,13.63,616
"('grand-clos', '2020-10-06')",2020-10-06,grand-clos,HD,20.78,581
"('grand-clos', '2020-12-08')",2020-12-08,grand-clos,HD,23.03,716
"('grand-clos', '2021-01-07')",2021-01-07,grand-clos,HD,6.25,433
"('grand-clos', '2021-02-09')",2021-02-09,grand-clos,HD,2.58,156
"('grand-clos', '2021-03-09')",2021-03-09,grand-clos,HD,49.52,890
"('grand-clos', '2021-04-10')",2021-04-10,grand-clos,HD,17.71,551
"('jardin-botanique', '2016-04-24')",2016-04-24,jardin-botanique,HD,15.42,985
"('jardin-botanique', '2016-05-03')",2016-05-03,jardin-botanique,HD,5.76,367
"('jardin-botanique', '2016-05-08')",2016-05-08,jardin-botanique,HD,4.85,307
"('la-morges', '2017-04-09')",2017-04-09,la-morges,HD,5.63,170
"('la-pecherie', '2020-06-23')",2020-06-23,la-pecherie,HD,5.6000000000000005,215
"('la-pecherie', '2020-10-06')",2020-10-06,la-pecherie,HD,7.16,256
"('la-pecherie', '2021-01-22')",2021-01-22,la-pecherie,HD,8.92,160
"('lacleman_gland_kubela', '2017-05-25')",2017-05-25,lacleman_gland_kubela,SLR,13.85,97
"('lacleman_gland_kubela', '2017-06-28')",2017-06-28,lacleman_gland_kubela,SLR,6.83,48
"('lacleman_gland_kubela', '2017-07-25')",2017-07-25,lacleman_gland_kubela,SLR,6.29,44
"('lacleman_gland_kubela', '2017-08-29')",2017-08-29,lacleman_gland_kubela,SLR,4.0,28
"('lacleman_gland_kubela', '2017-09-28')",2017-09-28,lacleman_gland_kubela,SLR,5.84,41
"('lacleman_gland_kubela', '2017-10-26')",2017-10-26,lacleman_gland_kubela,SLR,0.9800000000000001,7
"('lacleman_gland_kubela', '2017-11-28')",2017-11-28,lacleman_gland_kubela,SLR,5.26,37
"('lacleman_gland_kubela', '2017-12-16')",2017-12-16,lacleman_gland_kubela,SLR,2.69,19
"('lacleman_gland_kubela', '2018-01-19')",2018-01-19,lacleman_gland_kubela,SLR,3.41,24
"('lacleman_gland_kubela', '2018-02-19')",2018-02-19,lacleman_gland_kubela,SLR,0.71,5
"('lacleman_gland_kubela', '2018-03-18')",2018-03-18,lacleman_gland_kubela,SLR,31.98,224
"('lacleman_gland_lecoanets', '2017-07-11')",2017-07-11,lacleman_gland_lecoanets,SLR,0.55,49
"('lacleman_gland_lecoanets', '2017-08-07')",2017-08-07,lacleman_gland_lecoanets,SLR,1.27,109
"('lacleman_gland_lecoanets', '2017-09-12')",2017-09-12,lacleman_gland_lecoanets,SLR,0.74,66
"('lacleman_gland_lecoanets', '2017-10-10')",2017-10-10,lacleman_gland_lecoanets,SLR,0.81,69
"('lacleman_gland_lecoanets', '2017-11-17')",2017-11-17,lacleman_gland_lecoanets,SLR,1.0,87
"('lacleman_gland_lecoanets', '2017-12-16')",2017-12-16,lacleman_gland_lecoanets,SLR,0.29,27
"('lacleman_gland_lecoanets', '2018-01-19')",2018-01-19,lacleman_gland_lecoanets,SLR,0.23,21
"('lacleman_gland_lecoanets', '2018-02-19')",2018-02-19,lacleman_gland_lecoanets,SLR,0.1,10
"('lacleman_gland_lecoanets', '2018-03-18')",2018-03-18,lacleman_gland_lecoanets,SLR,3.95,338
"('lacleman_gland_lecoanets', '2020-06-15')",2020-06-15,lacleman_gland_lecoanets,HD,1.43,72
"('lacleman_gland_lecoanets', '2020-10-27')",2020-10-27,lacleman_gland_lecoanets,HD,1.4300000000000002,62
"('lacleman_vidy_santie', '2017-04-30')",2017-04-30,lacleman_vidy_santie,SLR,11.77,317
"('lacleman_vidy_santie', '2017-05-23')",2017-05-23,lacleman_vidy_santie,SLR,18.61,502
"('lacleman_vidy_santie', '2017-06-16')",2017-06-16,lacleman_vidy_santie,SLR,13.75,370
"('lacleman_vidy_santie', '2017-07-21')",2017-07-21,lacleman_vidy_santie,SLR,8.55,231
"('lacleman_vidy_santie', '2017-08-25')",2017-08-25,lacleman_vidy_santie,SLR,10.07,272
"('lacleman_vidy_santie', '2017-09-26')",2017-09-26,lacleman_vidy_santie,SLR,6.25,168
"('lacleman_vidy_santie', '2017-10-24')",2017-10-24,lacleman_vidy_santie,SLR,4.02,108
"('lacleman_vidy_santie', '2017-11-17')",2017-11-17,lacleman_vidy_santie,SLR,2.9,78
"('lacleman_vidy_santie', '2017-12-26')",2017-12-26,lacleman_vidy_santie,SLR,3.35,90
"('lacleman_vidy_santie', '2018-01-23')",2018-01-23,lacleman_vidy_santie,SLR,6.5,175
"('lacleman_vidy_santie', '2018-02-26')",2018-02-26,lacleman_vidy_santie,SLR,7.680000000000001,207
"('lacleman_vidy_santie', '2018-03-26')",2018-03-26,lacleman_vidy_santie,SLR,9.23,249
"('le-pierrier', '2016-01-13')",2016-01-13,le-pierrier,HD,11.36,577
"('le-pierrier', '2016-03-14')",2016-03-14,le-pierrier,HD,26.82,1366
"('le-pierrier', '2016-05-30')",2016-05-30,le-pierrier,HD,14.83,754
"('le-pierrier', '2017-05-25')",2017-05-25,le-pierrier,HD,18.36,1044
"('le-pierrier', '2020-11-17')",2020-11-17,le-pierrier,HD,2.68,150
"('le-port', '2016-04-19')",2016-04-19,le-port,HD,33.55,570
"('maladaire', '2016-03-31')",2016-03-31,maladaire,HD,12.25,733
"('maladaire', '2016-05-31')",2016-05-31,maladaire,HD,11.719999999999999,704
"('maladaire', '2020-05-28')",2020-05-28,maladaire,PC,4.43,236
"('maladaire', '2020-06-28')",2020-06-28,maladaire,PC,15.45,865
"('maladaire', '2020-07-29')",2020-07-29,maladaire,PC,2.23,111
"('maladaire', '2020-08-31')",2020-08-31,maladaire,PC,3.37,184
"('maladaire', '2020-09-30')",2020-09-30,maladaire,PC,2.86,152
"('maladaire', '2020-10-29')",2020-10-29,maladaire,PC,0.92,46
"('maladaire', '2020-11-27')",2020-11-27,maladaire,PC,1.58,81
"('maladaire', '2020-12-29')",2020-12-29,maladaire,PC,2.3200000000000003,127
"('maladaire', '2021-01-29')",2021-01-29,maladaire,PC,2.34,117
"('maladaire', '2021-03-02')",2021-03-02,maladaire,PC,1.99,149
"('maladaire', '2021-03-30')",2021-03-30,maladaire,PC,1.08,93
"('maladaire', '2021-05-01')",2021-05-01,maladaire,PC,1.75,136
"('maladaire', '2021-06-02')",2021-06-02,maladaire,PC,5.55,337
"('oyonne', '2016-04-10')",2016-04-10,oyonne,HD,22.380000000000003,717
"('oyonne', '2017-01-31')",2017-01-31,oyonne,HD,24.61,592
"('oyonne', '2021-01-06')",2021-01-06,oyonne,HD,9.05,197
"('parc-des-pierrettes', '2016-10-13')",2016-10-13,parc-des-pierrettes,SWE,14.39,693
"('parc-des-pierrettes', '2017-10-05')",2017-10-05,parc-des-pierrettes,SWE,6.15,258
"('parc-des-pierrettes', '2019-10-10')",2019-10-10,parc-des-pierrettes,SWE,5.3100000000000005,160
"('parc-des-pierrettes', '2020-10-01')",2020-10-01,parc-des-pierrettes,SWE,10.08,464
"('pierrier-sud', '2016-05-10')",2016-05-10,pierrier-sud,HD,39.56,633
"('plage-de-dorigny', '2017-03-20')",2017-03-20,plage-de-dorigny,HD,9.57,385
"('plage-de-st-sulpice', '2016-10-13')",2016-10-13,plage-de-st-sulpice,SWE,28.13,2028
"('plage-de-st-sulpice', '2017-10-05')",2017-10-05,plage-de-st-sulpice,SWE,8.92,748
"('plage-de-st-sulpice', '2020-10-01')",2020-10-01,plage-de-st-sulpice,SWE,7.8500000000000005,326
"('plage-de-st-sulpice', '2021-10-07')",2021-10-07,plage-de-st-sulpice,SWE,7.6499999999999995,304
"('preverenges', '2018-05-04')",2018-05-04,preverenges,PC,1.16,58
"('preverenges', '2018-07-11')",2018-07-11,preverenges,PC,4.779999999999999,145
"('preverenges', '2020-06-07')",2020-06-07,preverenges,PC,24.25,970
"('preverenges', '2020-07-09')",2020-07-09,preverenges,PC,23.740000000000002,664
"('preverenges', '2020-08-13')",2020-08-13,preverenges,PC,3.46,206
"('preverenges', '2020-09-08')",2020-09-08,preverenges,PC,3.6199999999999997,133
"('preverenges', '2020-10-08')",2020-10-08,preverenges,PC,6.95,299
"('preverenges', '2020-11-12')",2020-11-12,preverenges,PC,2.2199999999999998,111
"('preverenges', '2020-12-10')",2020-12-10,preverenges,PC,3.2800000000000002,164
"('preverenges', '2021-01-07')",2021-01-07,preverenges,PC,2.15,151
"('preverenges', '2021-02-07')",2021-02-07,preverenges,PC,4.42,267
"('preverenges', '2021-03-08')",2021-03-08,preverenges,PC,2.61,132
"('preverenges', '2021-04-08')",2021-04-08,preverenges,PC,1.8900000000000001,142
"('preverenges', '2021-05-12')",2021-05-12,preverenges,PC,4.74,237
"('preverenges-le-sout', '2021-02-04')",2021-02-04,preverenges-le-sout,HD,2.68,268
"('quai-maria-belgia', '2016-11-21')",2016-11-21,quai-maria-belgia,HD,22.34,826
"('quai-maria-belgia', '2016-12-20')",2016-12-20,quai-maria-belgia,HD,8.8,325
"('quai-maria-belgia', '2017-01-20')",2017-01-20,quai-maria-belgia,HD,1.0,37
"('quai-maria-belgia', '2017-04-03')",2017-04-03,quai-maria-belgia,HD,6.8500000000000005,253
"('quai-maria-belgia', '2017-06-08')",2017-06-08,quai-maria-belgia,HD,39.55,1463
"('quai-maria-belgia', '2017-07-26')",2017-07-26,quai-maria-belgia,HD,27.33,1010
"('quai-maria-belgia', '2017-09-30')",2017-09-30,quai-maria-belgia,HD,11.21,415
"('quai-maria-belgia', '2017-11-11')",2017-11-11,quai-maria-belgia,HD,12.24,453
"('quai-maria-belgia', '2018-02-11')",2018-02-11,quai-maria-belgia,HD,2.6900000000000004,99
"('quai-maria-belgia', '2018-03-25')",2018-03-25,quai-maria-belgia,HD,4.53,167
"('quai-maria-belgia', '2020-04-28')",2020-04-28,quai-maria-belgia,HD,6.94,305
"('quai-maria-belgia', '2020-05-31')",2020-05-31,quai-maria-belgia,HD,2.47,103
"('quai-maria-belgia', '2020-06-28')",2020-06-28,quai-maria-belgia,HD,6.56,270
"('quai-maria-belgia', '2020-07-21')",2020-07-21,quai-maria-belgia,HD,12.370000000000001,494
"('quai-maria-belgia', '2020-08-30')",2020-08-30,quai-maria-belgia,HD,6.26,258
"('quai-maria-belgia', '2020-09-27')",2020-09-27,quai-maria-belgia,HD,12.94,516
"('quai-maria-belgia', '2020-10-25')",2020-10-25,quai-maria-belgia,HD,5.54,262
"('quai-maria-belgia', '2020-11-30')",2020-11-30,quai-maria-belgia,HD,4.55,162
"('quai-maria-belgia', '2020-12-23')",2020-12-23,quai-maria-belgia,HD,3.5700000000000003,135
"('quai-maria-belgia', '2021-01-31')",2021-01-31,quai-maria-belgia,HD,6.89,298
"('quai-maria-belgia', '2021-02-28')",2021-02-28,quai-maria-belgia,HD,3.19,146
"('quai-maria-belgia', '2021-03-29')",2021-03-29,quai-maria-belgia,HD,5.39,214
"('rocky-plage', '2020-11-01')",2020-11-01,rocky-plage,EINT,0.68,99
"('rolle-plage', '2019-10-24')",2019-10-24,rolle-plage,SWE,9.75,146
"('saint-sulpice', '2018-11-06')",2018-11-06,saint-sulpice,SWE,8.19,147
"('tiger-duck-beach', '2018-10-16')",2018-10-16,tiger-duck-beach,SWE,77.1,1387
"('tiger-duck-beach', '2020-07-14')",2020-07-14,tiger-duck-beach,SWE,10.64,296
"('tiger-duck-beach', '2020-10-01')",2020-10-01,tiger-duck-beach,SWE,15.01,450
"('tiger-duck-beach', '2020-11-24')",2020-11-24,tiger-duck-beach,SWE,48.55,971
"('tiger-duck-beach', '2021-10-07')",2021-10-07,tiger-duck-beach,SWE,16.36,491
"('tolochenaz', '2020-05-19')",2020-05-19,tolochenaz,HD,5.35,186
"('versoix', '2016-11-17')",2016-11-17,versoix,EINT,9.16,1490
"('versoix', '2020-05-14')",2020-05-14,versoix,HD,4.46,226
"('versoix', '2020-08-04')",2020-08-04,versoix,HD,2.91,257
"('versoix', '2020-10-13')",2020-10-13,versoix,HD,1.96,100
"('veveyse', '2015-11-27')",2015-11-27,veveyse,HD,4.12,216
"('veveyse', '2015-12-01')",2015-12-01,veveyse,HD,0.9900000000000001,52
"('veveyse', '2015-12-07')",2015-12-07,veveyse,HD,3.66,193
"('veveyse', '2015-12-14')",2015-12-14,veveyse,HD,2.4699999999999998,129
"('veveyse', '2016-01-08')",2016-01-08,veveyse,HD,2.8,147
"('veveyse', '2016-01-15')",2016-01-15,veveyse,HD,2.78,145
"('veveyse', '2016-01-21')",2016-01-21,veveyse,HD,2.75,144
"('veveyse', '2016-02-09')",2016-02-09,veveyse,HD,2.4,126
"('veveyse', '2016-03-11')",2016-03-11,veveyse,HD,4.67,245
"('veveyse', '2016-04-02')",2016-04-02,veveyse,HD,4.6,243
"('veveyse', '2016-04-12')",2016-04-12,veveyse,HD,3.28,172
"('veveyse', '2016-04-19')",2016-04-19,veveyse,HD,4.71,248
"('veveyse', '2016-06-17')",2016-06-17,veveyse,HD,5.41,285
"('veveyse', '2016-11-14')",2016-11-14,veveyse,HD,3.4299999999999997,211
"('veveyse', '2016-11-28')",2016-11-28,veveyse,HD,6.43,303
"('veveyse', '2016-12-05')",2016-12-05,veveyse,HD,6.04,285
"('veveyse', '2017-01-05')",2017-01-05,veveyse,HD,6.82,292
"('vidy', '2016-06-07')",2016-06-07,vidy,HD,6.859999999999999,55
"('vidy-ruines', '2020-06-02')",2020-06-02,vidy-ruines,PC,10.559999999999999,201
"('vidy-ruines', '2020-06-30')",2020-06-30,vidy-ruines,PC,66.17,397
"('vidy-ruines', '2020-08-01')",2020-08-01,vidy-ruines,PC,18.6,93
"('vidy-ruines', '2020-09-02')",2020-09-02,vidy-ruines,PC,6.6000000000000005,33
"('vidy-ruines', '2020-12-01')",2020-12-01,vidy-ruines,PC,17.52,105
"('vidy-ruines', '2021-03-04')",2021-03-04,vidy-ruines,PC,11.58,93
"('vidy-ruines', '2021-04-15')",2021-04-15,vidy-ruines,PC,5.23,78
"('villa-barton', '2016-04-02')",2016-04-02,villa-barton,HD,17.12,240
"('villa-barton', '2016-04-10')",2016-04-10,villa-barton,HD,5.63,79
"('villa-barton', '2016-04-16')",2016-04-16,villa-barton,HD,3.97,56
"('villa-barton', '2016-04-22')",2016-04-22,villa-barton,HD,7.7,108
"('villa-barton', '2016-05-02')",2016-05-02,villa-barton,HD,3.6900000000000004,52
"('villa-barton', '2016-05-08')",2016-05-08,villa-barton,HD,4.680000000000001,66
"('villa-barton', '2016-06-05')",2016-06-05,villa-barton,HD,9.28,130
"('villa-barton', '2016-07-21')",2016-07-21,villa-barton,HD,12.57,176
"('villa-barton', '2016-07-22')",2016-07-22,villa-barton,HD,23.11,324
"('villa-barton', '2020-10-20')",2020-10-20,villa-barton,HD,6.81,115
"('villa-barton', '2021-01-22')",2021-01-22,villa-barton,HD,9.66,483
"('villa-barton', '2021-11-14')",2021-11-14,villa-barton,HD,9.07,537
